{"cameraMode":{"drawMode":0,"name":"Shaded","section":"Shading Mode"},"sceneLighting":true,"audioPlay":false,"sceneViewState":{"showFog":true,"showMaterialUpdate":false,"showSkybox":true,"showFlares":true,"showImageEffects":true,"showParticleSystems":true},"in2DMode":false,"pivot":{"x":235.13507080078126,"y":296.3367004394531,"z":-395.46856689453127},"rotation":{"x":-0.0015264389803633094,"y":0.9972043037414551,"z":-0.021253395825624467,"w":-0.07162149250507355},"size":-4.285863876342773,"orthographic":false}