{"cameraMode":{"drawMode":0,"name":"Shaded","section":"Shading Mode"},"sceneLighting":true,"audioPlay":false,"sceneViewState":{"showFog":true,"showMaterialUpdate":false,"showSkybox":true,"showFlares":true,"showImageEffects":true,"showParticleSystems":true},"in2DMode":false,"pivot":{"x":-0.024417459964752198,"y":0.3194684386253357,"z":0.1185719221830368},"rotation":{"x":-0.06227422133088112,"y":0.9377041459083557,"z":-0.2449611872434616,"w":-0.23838387429714204},"size":9.439413070678711,"orthographic":false}