{"cameraMode":{"drawMode":0,"name":"Shaded","section":"Shading Mode"},"sceneLighting":false,"audioPlay":false,"sceneViewState":{"showFog":true,"showMaterialUpdate":true,"showSkybox":false,"showFlares":true,"showImageEffects":true,"showParticleSystems":true},"in2DMode":false,"pivot":{"x":1.6000003814697266,"y":0.8000000715255737,"z":2.6000001430511476},"rotation":{"x":0.191816046833992,"y":-0.21731340885162354,"z":0.04359925538301468,"w":0.9560756087303162},"size":2.8578851222991945,"orthographic":false}