{"cameraMode":{"drawMode":0,"name":"Shaded","section":"Shading Mode"},"sceneLighting":false,"audioPlay":false,"sceneViewState":{"showFog":true,"showMaterialUpdate":true,"showSkybox":false,"showFlares":true,"showImageEffects":true,"showParticleSystems":true},"in2DMode":false,"pivot":{"x":-0.00854809582233429,"y":0.4453464150428772,"z":0.4399999976158142},"rotation":{"x":0.20565254986286164,"y":0.5268566608428955,"z":-0.13312695920467378,"w":0.8138834834098816},"size":2.766246795654297,"orthographic":false}