{"cameraMode":{"drawMode":0,"name":"Shaded","section":"Shading Mode"},"sceneLighting":true,"audioPlay":false,"sceneViewState":{"showFog":true,"showMaterialUpdate":true,"showSkybox":true,"showFlares":true,"showImageEffects":true,"showParticleSystems":true},"in2DMode":false,"pivot":{"x":-1.9050699472427369,"y":1.421539068222046,"z":-1.6444408893585206},"rotation":{"x":-0.3690257966518402,"y":-0.013957125134766102,"z":0.005542196333408356,"w":-0.9292978048324585},"size":3.6921751499176027,"orthographic":false}