{"cameraMode":{"drawMode":0,"name":"Shaded","section":"Shading Mode"},"sceneLighting":false,"audioPlay":false,"sceneViewState":{"showFog":true,"showMaterialUpdate":true,"showSkybox":false,"showFlares":true,"showImageEffects":true,"showParticleSystems":true},"in2DMode":false,"pivot":{"x":0.4399999976158142,"y":0.36000001430511477,"z":0.0},"rotation":{"x":0.2955281436443329,"y":0.29313012957572939,"z":-0.09580735862255097,"w":0.9041895866394043},"size":0.05715763941407204,"orthographic":true}