{"cameraMode":{"drawMode":0,"name":"Shaded","section":"Shading Mode"},"sceneLighting":false,"audioPlay":false,"sceneViewState":{"showFog":true,"showMaterialUpdate":true,"showSkybox":false,"showFlares":true,"showImageEffects":true,"showParticleSystems":true},"in2DMode":false,"pivot":{"x":5.026237964630127,"y":4.889189720153809,"z":-13.430157661437989},"rotation":{"x":-0.042201314121484759,"y":-0.9502073526382446,"z":0.14798718690872193,"w":-0.27097034454345705},"size":29.721107482910158,"orthographic":false}