{"cameraMode":{"drawMode":0,"name":"Shaded","section":"Shading Mode"},"sceneLighting":true,"audioPlay":false,"sceneViewState":{"showFog":true,"showMaterialUpdate":false,"showSkybox":true,"showFlares":true,"showImageEffects":true,"showParticleSystems":true},"in2DMode":false,"pivot":{"x":2.3148603439331056,"y":2.8486995697021486,"z":-0.9537045955657959},"rotation":{"x":0.10265958309173584,"y":0.11222223192453385,"z":-0.011657502502202988,"w":0.9882972240447998},"size":6.90693473815918,"orthographic":false}